customer_id,claim
H11920,0.09254029509538121
H11921,0.08442801173210622
H9805,0.10701524114271428
H7493,0.169450261883643
H7494,0.1757619566571192
H10545,0.3688446428738026
H8962,0.08376058503393419
H1015,0.18868966149061245
H9710,0.18805362229962957
H9029,0.17027010508173349
H11274,0.10842092122231653
H10785,0.12211872763355364
H10786,0.10016768313786051
H882,0.1092205107060604
H10742,0.09343365343721104
H12485,0.1505075372460546
H10972,0.18479187080626763
H10974,0.1666829313752425
H10975,0.141749448932581
H10925,0.37521886218394895
H11877,0.18517023120152953
H8645,0.10483819458751868
H10692,0.45971351953864203
H10877,0.21261935748855293
H10905,0.6011498015501542
H10906,0.5826026821093397
H11124,0.3456295874717307
H11125,0.37585348915299094
H11242,0.48406060296053666
H11281,0.396696605756175
H11550,0.5723272573107412
H12562,0.48867856060081855
H12563,0.3497449248506464
H7507,0.5577134346876882
H7646,0.3777532962341286
H8315,0.17384894234489803
H8494,0.22160822196049315
H8526,0.3457162163489777
H8534,0.5542549715320393
H8535,0.3777532962341286
H8536,0.24188139674017567
H8537,0.5126104625681519
H8538,0.572655127498835
H8539,0.5019842910004152
H8540,0.34361666725051543
H8544,0.34361666725051543
H8545,0.09759139871570044
H8546,0.3227222533235092
H8547,0.32474418263151744
H8548,0.12043893094965771
H8550,0.11312338905088401
H8551,0.35565222083763226
H8552,0.48691572015286594
H8553,0.548755753054792
H8557,0.3692690040825786
H8562,0.4253781159087467
H8564,0.255233248442939
H8565,0.09938050887176952
H8567,0.30030657010566997
H8569,0.35148754582053443
H8571,0.5045284944292617
H8572,0.48691572015286594
H8573,0.27401910597984397
H8576,0.541198360881449
H8577,0.5129531025814027
H8578,0.21759241259249013
H859,0.3087786734782166
H8603,0.24281197548505004
H8641,0.5262057942817525
H9799,0.17504129641880864
H9902,0.17446594629207035
H8312,0.10322308410793538
H8477,0.40285376676432605
H9437,0.15679283138835592
H10638,0.24769569731217883
H10963,0.116241823391888
H10964,0.14644642522804102
H11375,0.27488003283372225
H12174,0.2799810088116546
H12176,0.27788353668445687
H12199,0.2543936004778015
H8474,0.25197838808632833
H8475,0.22929037542783212
H8855,0.16364118797974017
H8877,0.5793310561565618
H968,0.6056962097388631
H969,0.5688857267355756
H970,0.4978850133421669
H12034,0.14043006401388963
H1056,0.09190827519534436
H11679,0.09636656396598489
H11680,0.08091883721415828
H10118,0.5274261281265096
H10983,0.3174864271579727
H11275,0.1729267810440251
H11562,0.10299534457616276
H11651,0.35148702861824854
H12006,0.292228604872963
H7504,0.17780668449590906
H7505,0.17733547045141174
H7540,0.6422352818315761
H7560,0.5355395253143274
H7561,0.3777532962341286
H8163,0.0998936860618606
H8166,0.10693111060051064
H8486,0.34830856450529757
H8487,0.35400727905793156
H8488,0.36750494197790234
H8492,0.18419123640047463
H8493,0.17644761143658813
H8496,0.27822556053758646
H8497,0.22530068191979
H8499,0.19329677597109302
H8501,0.49888627904847244
H8502,0.5853882064747846
H8504,0.2553530449238389
H8505,0.37306666090800605
H8506,0.5355067591399478
H8507,0.5274544654781457
H8511,0.5163920997715988
H8513,0.2762600943805105
H8514,0.3755539840400432
H8517,0.2738934239444283
H8518,0.29099890700918046
H8519,0.3538746301267959
H8522,0.10853098921491637
H8523,0.1054299101986811
H8532,0.19776014992158295
H8559,0.37798536748333555
H8561,0.31373371827935675
H8600,0.12211074107050876
H8601,0.12211074107050876
H8602,0.2772751546079993
H8692,0.3280787816979168
H8703,0.26331803003797516
H8704,0.2510568713675616
H9159,0.09832172644995979
H9160,0.1324564272761534
H9161,0.11781868535799651
H9961,0.567418410965753
H10341,0.3351460662587238
H10342,0.3040226148474478
H11313,0.4544980419031395
H11898,0.2742120722236275
H12565,0.09634549326223898
H8164,0.09027307888643245
H8165,0.0998285331926457
H8491,0.10219411671548632
H8495,0.3168978894205903
H8515,0.4477184408672901
H8516,0.4432482098096796
H8531,0.22716787702979627
H8541,0.20301614451557629
H8691,0.14401489573956172
H997,0.25342701674630697
H11254,0.09593039802020902
H12166,0.11569108456504981
H8776,0.18824815364650738
H11159,0.08573299878524378
H10064,0.5746958901710328
H10942,0.5706031393782819
H10944,0.5570868100090738
H11381,0.2748779976374984
H8542,0.2557480771681946
H11339,0.4037461136294789
H10019,0.5175100352079309
H10283,0.16073922899598767
H10101,0.17029810632573908
H10700,0.5431884505511652
H10744,0.27357689605356816
H10768,0.09158088279791333
H10850,0.1124981649343698
H10851,0.09906875272189294
H10981,0.5421429130069628
H11073,0.18639618658831844
H11361,0.28424711303349326
H11549,0.6285473641159316
H11688,0.0943784152561408
H11689,0.0946621133834552
H11767,0.12574881041768607
H11768,0.11379940238530446
H11937,0.17029810632573908
H12177,0.1003948184763106
H12425,0.25222359935098665
H12426,0.23890854119385335
H7541,0.28182578257439744
H7548,0.2388163375465664
H7757,0.5615546000556226
H7764,0.5303883489548745
H7765,0.5134984221892999
H7784,0.17029810632573908
H7785,0.16473830489425798
H7803,0.09633898761705627
H7924,0.23998076008492372
H8763,0.14210992407733863
H8764,0.14210992407733863
H8811,0.25491097082057806
H8812,0.24241357450328355
H8813,0.24262526782153698
H8816,0.5719263045609096
H8817,0.5728593149813813
H8818,0.4997429704272623
H8821,0.15548972085696125
H8822,0.5005205376095017
H8827,0.540422265448407
H8834,0.29803970424574683
H8836,0.3371707392888269
H8837,0.5015449654122799
H8839,0.5222883492577981
H8840,0.1009539340142392
H8841,0.10102677470583765
H8842,0.09705125515404826
H8843,0.0889714998016615
H8848,0.3271274083431756
H8849,0.38429341799481986
H8850,0.5421429130069628
H8851,0.3777532962341286
H8854,0.26087277102142037
H8857,0.2537767448924261
H8859,0.5893526688471131
H8862,0.20111018439645445
H8863,0.08715964846044595
H8864,0.10309043746168224
H8866,0.18252235714089696
H8868,0.12504891708468013
H8871,0.15399548435572877
H8872,0.30400565732491003
H8873,0.28695734373965975
H8874,0.10537434026551062
H8875,0.2730178557024557
H8879,0.29438013209900676
H8880,0.4690876891446523
H8881,0.25275338990014223
H8882,0.35979701661262536
H8883,0.27418641468506944
H8884,0.12749979981017806
H8885,0.138571731922297
H8886,0.1936818226070381
H8889,0.3163713543097317
H8890,0.3163713543097317
H8891,0.3202460136218529
H8892,0.3070175240119132
H8893,0.2978233808243868
H8895,0.46184041829299805
H8896,0.5049601649737918
H8897,0.4544889436448218
H8898,0.2936826437965531
H8899,0.15842664281696792
H8900,0.09171806052526138
H8901,0.4899761892400038
H8902,0.4899761892400038
H8903,0.4997448675227655
H8904,0.33507025675959984
H8911,0.5596584791907675
H8912,0.36206381082568245
H8913,0.21842793008702507
H8914,0.22639241661777568
H8916,0.2769852432761779
H8918,0.25413229550386085
H8920,0.21190761628476504
H8921,0.158203795828024
H8925,0.32262977417814614
H8926,0.3146138705506552
H8927,0.3602734276927891
H8928,0.6276520204899041
H8930,0.6097673311628845
H8935,0.3285154779610533
H8936,0.18663573431117936
H8937,0.6097673311628845
H8938,0.43171858679864006
H8939,0.6011498015501542
H8940,0.6177940553533975
H8942,0.09913325525247454
H8946,0.3481410172969154
H8947,0.16503562304418393
H9208,0.25691817440319487
H950,0.6258950293737247
H951,0.550978613063672
H9513,0.576281502277744
H9515,0.520931679518102
H11569,0.14707737526614206
H12453,0.23229584646225604
H12454,0.20883646225542274
H10406,0.6313719852603468
H10766,0.19512266388419008
H10789,0.09531273040511366
H10985,0.18262031480671426
H11013,0.16282070003315358
H11014,0.1706441913241967
H11036,0.08985002198415963
H11206,0.334678771019972
H11667,0.31837304845397996
H11712,0.11344138113270101
H11913,0.2382283341188357
H12103,0.3191807708543478
H12114,0.20778104818771218
H12160,0.09141258865518972
H12161,0.10588739023483826
H12162,0.08370324396378585
H12212,0.29015085322316914
H12491,0.1706441913241967
H748,0.3371707392888269
H76,0.31122761179111647
H7689,0.0922124793926069
H8302,0.32282796048968854
H8304,0.1832783051713735
H8305,0.10482795063786622
H8306,0.17311444984538812
H8307,0.09606340892589753
H8313,0.36552305640335686
H8318,0.1114524073229314
H8365,0.16924462131202195
H8366,0.16924462131202195
H8367,0.15799302476740082
H8462,0.09847833759464539
H8465,0.5051006565044441
H8594,0.11161265016193246
H8596,0.12178664617759231
H8727,0.20868944609685833
H8728,0.3641686564102816
H8729,0.2656561676455727
H8731,0.15844176210078606
H8733,0.33036374916098354
H8735,0.09669144030443659
H8737,0.23970327765067478
H8741,0.09397724450901108
H8746,0.21012897969798028
H8747,0.5608973531717687
H8748,0.14656373211958856
H8749,0.11103893982519006
H8750,0.24836516428887895
H8752,0.45289696772981475
H8754,0.22315720383228949
H8756,0.5716315624967161
H8757,0.47005275756395853
H8758,0.47031756709925965
H8759,0.12178664617759231
H8760,0.2627381897928159
H8761,0.25787700424316357
H8762,0.26064827719852796
H8767,0.3202732397781882
H8773,0.3842636662046841
H8774,0.36957120444544517
H8775,0.10441034011472632
H8777,0.09990819504187104
H8780,0.29367470662039025
H8782,0.10834728741225752
H8783,0.09363883431670483
H8784,0.0958538824473311
H8786,0.20565698199636256
H8828,0.3777532962341286
H9140,0.11156653321694784
H9141,0.12282994268966407
H9142,0.11299583564793768
H9143,0.08818803658846981
H9145,0.11810600505408399
H9147,0.5391761504305856
H9148,0.5497372732427093
H9149,0.09477916744194564
H9151,0.12178664617759231
H9152,0.1271517365068528
H9153,0.2756528231131862
H9154,0.12535805596033794
H9155,0.25982154218406833
H9206,0.1194859428733131
H9207,0.35852655044281856
H9436,0.40011826224507846
H9439,0.35761114959674273
H9440,0.34707313513105614
H9441,0.2166341815551196
H9442,0.20947259015444833
H9443,0.0976598984965893
H9444,0.2044909403152194
H9445,0.1073479191080414
H9447,0.19514109117932082
H9740,0.16200650068727554
H9851,0.436123418966782
H9948,0.16514126788227262
H11990,0.2570237211210809
H10991,0.569312628509487
H10992,0.561222554597959
H11052,0.09544052042084533
H11830,0.5031577449345686
H7616,0.31672602281931167
H7905,0.1349347131341576
H8814,0.1269729821030536
H8823,0.29331992774142357
H8824,0.17583131946744004
H8825,0.09535805739432596
H8831,0.268958689633733
H8835,0.23649155125290536
H8838,0.2145189017956547
H8852,0.5051013006757276
H8860,0.5251228557653049
H8908,0.3239918683737703
H8910,0.3239918683737703
H8923,0.2553968037574054
H8931,0.26872145350814763
H8932,0.2810576366212763
H949,0.5843596787408409
H8455,0.3261602077188147
H8456,0.3157484925604595
H8457,0.08856727250044634
H8458,0.35142468894551165
H8579,0.49224476307420384
H8580,0.37427350584452945
H8581,0.37923729328450545
H8582,0.37923729328450545
H8586,0.370954014897045
H8587,0.3834642135958327
H8590,0.34187449329694547
H8592,0.49537264923308455
H8593,0.32738729130532895
H8595,0.5253035624224449
H8751,0.35023003955678605
H9981,0.42965832943457966
H9982,0.27501463090364653
H8809,0.4698102506343784
H8810,0.4698102506343784
H8521,0.3089800403996599
H8725,0.14813395191859335
H8726,0.14771614812690426
H8844,0.22721208753615602
H8845,0.20241268289932207
H8887,0.09376960136960291
H9259,0.15404985462676243
H8710,0.11263527693684895
H11551,0.5629670241226399
H12448,0.33277669144505795
H12449,0.33827862334471936
H7480,0.4360873177918649
H7482,0.4418232236894364
H8527,0.24653776918110237
H8528,0.3297803983095786
H8529,0.47651843101721086
H10166,0.2996746028852745
H12328,0.4186290726224845
H749,0.15122701455726498
H8489,0.38022595626884964
H10982,0.10142306207279271
H11284,0.10844436071226937
H12501,0.18872180258408636
H7871,0.15199758658511436
H8310,0.21527334873866366
H8314,0.17718703536879882
H8460,0.14604657812040697
H8461,0.1189369342782683
H8463,0.1301071836727902
H8464,0.09718513036467213
H8466,0.2538999842815772
H8468,0.18382370129746184
H8471,0.23100790563502407
H8472,0.2046987378648149
H8476,0.13459663694531404
H8478,0.1725338651330059
H8480,0.16941002280694664
H8482,0.18823720398100233
H8483,0.18672582840246832
H8484,0.1849961445225562
H8485,0.18210119016797927
H8739,0.15785161393337876
H8743,0.11343817260405646
H9928,0.1900208915894817
H9929,0.1900208915894817
H8510,0.12398054782477111
H8738,0.3129821628945389
H11464,0.3241442383271555
H11465,0.19893293345227625
H8618,0.17144222257693403
H12170,0.12614631744315943
H12171,0.11150946382238257
H12384,0.16102674402973285
H8054,0.15810524771514428
H11385,0.3940018225427668
H12452,0.13841537065561682
H11415,0.08499621052756823
H11639,0.1364022077462167
H12376,0.11347903336429013
H937,0.20476943162146194
H938,0.20694505897790497
H12108,0.18718171396126276
H11211,0.14029921335035125
H986,0.1349678516830985
H7653,0.15722198287673392
H12236,0.1367374782360739
H10028,0.236449835988866
H10029,0.18362128418666324
H10079,0.41264130748397754
H10107,0.11395040684169591
H10155,0.23533649960603065
H10550,0.238720453077003
H10551,0.23321890163713332
H1119,0.1437120565051014
H1136,0.2416532140400553
H11634,0.21155801460822302
H12228,0.15595754253063496
H12282,0.21835737444349254
H7512,0.20303138683973604
H7581,0.1620347539626866
H9704,0.41167835986623974
H9785,0.2513928817269839
H9921,0.22318221678905767
H9922,0.24061932964681795
H9924,0.13105370129410376
H9936,0.3798861065271508
H9984,0.41688091466458566
H9987,0.10830080783860396
H9988,0.10639393516545946
H10530,0.12533283354139416
H10001,0.15797446211054678
H10131,0.1756530033112138
H10715,0.15048800550171904
H11118,0.15828578015254366
H11119,0.17681571748825686
H11773,0.14745439139351046
H11927,0.12616188370821346
H7546,0.16666970772290804
H7881,0.17841286463186323
H8949,0.17661634850200122
H11370,0.08729729652580753
H90,0.3049521092468325
H9027,0.13191061039827529
H10517,0.1786475442183615
H12546,0.11832238340940243
H12547,0.0950934041056223
H11655,0.15656412192050573
H12173,0.12961112044555076
H10096,0.11836472414567865
H10097,0.09725866443274911
H10098,0.129496170169086
H12402,0.134406342096878
H9956,0.11176953068630203
H9035,0.4836838362123001
H9382,0.096957516662524
H9384,0.09016826712038907
H10441,0.18610851068426662
H8412,0.2264159810126056
H10016,0.22005453605331757
H10092,0.1849949163175533
H10260,0.2364199488935633
H10261,0.23851458333392966
H10657,0.3993203887543214
H11129,0.14333293711593478
H11565,0.2006261452109463
H11566,0.19686620208912728
H11607,0.22097696819351095
H12439,0.5267339777717295
H7479,0.24870677151546527
H7630,0.24711635752054778
H79,0.19729622887140363
H8400,0.24344415818126486
H8401,0.4485011394404903
H9554,0.24533218334577833
H9687,0.10924995256972438
H10521,0.13119905414001376
H11740,0.20118038105308544
H9969,0.327723114228289
H11793,0.13357222872317032
H7853,0.16579700987622556
H7499,0.13671084090564187
H10063,0.3052038669102733
H10146,0.09790332908386347
H11673,0.2113395563206914
H10402,0.206497322421093
H10403,0.1703094331078025
H11948,0.15290633133115253
H10010,0.16883843964380058
H10089,0.21872971209419728
H10099,0.2260259286093623
H10105,0.15584059262601255
H10125,0.19498212107089358
H10137,0.14062468195969619
H10138,0.11875095635809159
H10139,0.10721038424985628
H10185,0.1923348848714611
H10343,0.1855074780845008
H10666,0.19393138514578132
H10679,0.13979918974732683
H10680,0.1107034440401024
H10890,0.19316007914945907
H10891,0.20654329465342955
H11190,0.20561438586654224
H11390,0.1288580397875497
H11401,0.1962833844042006
H11402,0.14933397461530334
H11772,0.13780797697207126
H11787,0.17963440180610105
H12113,0.11052771684053007
H12143,0.17660518494565777
H12184,0.1923348848714611
H12346,0.23059410694880977
H12420,0.18386076068111287
H12466,0.1396946057298645
H12601,0.18638051775831524
H7660,0.18138426088199425
H7661,0.19045327276024035
H7865,0.1288580397875497
H8414,0.11631528258241347
H9170,0.19205041763357464
H9212,0.19168226667768526
H9219,0.1439072727556748
H9220,0.13066904165442428
H9563,0.15552286537194362
H9587,0.15164329976989255
H9602,0.46278741260065714
H9609,0.20762152549967375
H9610,0.22278086287695698
H9635,0.19606160954974589
H9636,0.14847613802132287
H9735,0.18223171759110135
H9736,0.19264073146961336
H9737,0.19264073146961336
H9745,0.18734682434470404
H9798,0.1380242890304527
H9830,0.12993206765651086
H9834,0.2952138056389894
H9835,0.27086470402543433
H10121,0.12932992750610126
H10506,0.16431053052085387
H10565,0.17953486202890967
H10566,0.17953486202890967
H10627,0.14726285053121052
H10728,0.18805439777180652
H10729,0.18134688383374506
H10819,0.18788909925499184
H10862,0.1826744088764034
H10918,0.18301685579098653
H11029,0.18717743508583715
H11030,0.1836888543721942
H11153,0.19075850763349905
H11155,0.2104895902343034
H11156,0.21700874516665516
H11158,0.19998771440752716
H11476,0.11024314887644569
H11713,0.11660690452952288
H9542,0.12783238455832313
H9543,0.1432163237591554
H9604,0.2103623862644441
H9617,0.12151212356452037
H9637,0.23824571232054992
H9645,0.13388915788784178
H11203,0.17264845467028309
H11204,0.14692859722730614
H11398,0.16216923692812316
H11831,0.21059343408729866
H11832,0.18734012454039117
H12231,0.15788412270584967
H7697,0.1263503711026064
H8407,0.13420387941140408
H8416,0.11545908588784858
H9213,0.18742421422239325
H9567,0.4583084459020484
H9691,0.23054469803164088
H9771,0.2188163027953182
H10015,0.15838656571059784
H10025,0.18171056139936995
H10080,0.21815035289958992
H10081,0.22260286764800186
H10200,0.233264770440737
H10202,0.229600332434144
H10216,0.10794729061495235
H10308,0.13193507213476857
H10327,0.17355249942806666
H10447,0.18355288635465583
H10616,0.15299904751385485
H10617,0.12290933860928047
H10641,0.21370132356301444
H10670,0.15274771264130543
H11304,0.21912088509134955
H11305,0.17795452372411896
H11400,0.17612227352747453
H12062,0.20561471755531
H12081,0.16897370337243708
H12180,0.2206303074305236
H12513,0.18296598335935538
H7525,0.1114195746637763
H7637,0.13027967217908354
H9169,0.10121552806831803
H9194,0.2810884434653828
H9215,0.13132384219417098
H9216,0.11588614078463864
H9217,0.11717453349381689
H9496,0.4337427115050317
H9544,0.39612832673288584
H9545,0.37902180555545656
H9546,0.28106659888949237
H9553,0.2752001043811256
H9557,0.24944984134162973
H9566,0.2362415866674147
H9582,0.09321688030430013
H9588,0.25469450638751023
H9589,0.25486782841090705
H9591,0.2956110256436493
H9599,0.4900559223869805
H9600,0.5094727634905413
H9601,0.5094727634905413
H9603,0.15838656571059784
H9605,0.26393841400776635
H9606,0.1410235455489666
H9614,0.25832178548822354
H9638,0.19598867495557187
H9650,0.15165465013965387
H9651,0.10444053110849587
H9661,0.18788341440044867
H9675,0.11673394467657276
H9685,0.1705611720986419
H9686,0.17604825300136712
H9741,0.18756842464190096
H9806,0.2691484362539549
H9808,0.2651880078512306
H9810,0.5198799517075384
H9826,0.15799801503212144
H9919,0.14966696289025233
H9980,0.15513687577885968
H9998,0.2214230206731487
H10000,0.15679791090003875
H10059,0.2014493981186386
H10104,0.23679986217236243
H10111,0.11688071236467572
H10112,0.11070129886041488
H10135,0.12457364533029758
H10136,0.14333287108102494
H10141,0.14210463986074023
H10142,0.13610169520008028
H10143,0.13343405008465023
H10175,0.1396365331637201
H10284,0.10930892252301679
H10383,0.1495389955062836
H10582,0.197485633098592
H10719,0.16521908335171834
H10976,0.2090500203621233
H10977,0.2090500203621233
H11066,0.12089856254427205
H11084,0.1687427640300611
H1127,0.24353368173319723
H1128,0.1268256662148506
H1129,0.12956583529393306
H1139,0.1874485300444889
H11482,0.2348109773910204
H11545,0.20375403122254135
H11546,0.1413370141085635
H11725,0.13935588470866014
H11788,0.1143504785634731
H11789,0.12504269718876002
H11790,0.17095072003481876
H11791,0.1235760134209031
H12059,0.18947891576926082
H12371,0.14240780190272537
H12388,0.21224350560485097
H12583,0.1863598688932308
H12584,0.19264073146961336
H7558,0.14222962484669266
H8406,0.5347125520359644
H9210,0.1946594710596838
H9573,0.1761837332870262
H9574,0.1818851639238566
H9575,0.14303175800614532
H9576,0.16235947311370616
H9679,0.21608512099573654
H9680,0.2119475147198891
H9716,0.21656474782550214
H9917,0.10793029810784222
H9930,0.14240780190272537
H9958,0.20810625094392754
H9959,0.21492642634396378
H10052,0.2256400350052216
H10126,0.20725166870874093
H10127,0.2043256225590766
H10128,0.19380675437269798
H10129,0.20682175220810103
H10130,0.17191263838619367
H10132,0.11805836865225172
H10133,0.19057563168624864
H10134,0.15649142804769534
H10317,0.19712734694612402
H10347,0.17067598141114512
H10361,0.20398849845629527
H10409,0.16120800925689152
H10449,0.3903888550376947
H10515,0.27573668587893
H10635,0.1872398220098003
H10636,0.18877867293952408
H10661,0.11856706369868682
H10667,0.15571089302024213
H11022,0.10599288406936565
H1125,0.20136932599246865
H1126,0.17501184019796515
H11351,0.20196167739754484
H11397,0.1104636403769292
H1141,0.1788456826674787
H1152,0.23530613998074615
H11719,0.11962434838324411
H11729,0.14888134578084314
H11980,0.19401351945614626
H12086,0.13134838983142771
H12134,0.19065434697490408
H12183,0.14975634617083555
H12332,0.14722153835928048
H12380,0.1896167451124016
H12418,0.2741029791221504
H12522,0.19351387530516928
H7553,0.12188892116936224
H7580,0.2414939744366737
H7664,0.47804025658939825
H7729,0.18377563203071906
H7837,0.09626860902702757
H8415,0.13230979029654918
H8420,0.18674882623841646
H9202,0.11512895416687163
H9519,0.17715038853774662
H9547,0.12488969875552829
H9548,0.11066457211686706
H9556,0.15847055005254967
H9579,0.19065434697490408
H9612,0.42378892307165555
H9626,0.2058273969986158
H9646,0.1557036802064698
H9673,0.2753932173783302
H9689,0.13134838983142771
H9693,0.11302299717397227
H9699,0.10638583722897509
H9722,0.18878533268135714
H9723,0.18577135600281086
H9734,0.15302693303818696
H9743,0.14788719456164398
H9744,0.1676024396660393
H9777,0.15496202276371887
H9783,0.18982414326254568
H9784,0.16285881381268924
H9800,0.19674859705834444
H9941,0.22098877252901528
H9963,0.24255420674608227
H9974,0.14120344517393804
H10374,0.189851418462819
H10375,0.18693448023805018
H10412,0.13458790753356106
H10643,0.18798880775520369
H10644,0.15769578621730648
H11123,0.14998459140317905
H11144,0.1455255747368205
H1122,0.2193628281790353
H11382,0.18601033077890738
H11484,0.12411436277526677
H11803,0.11613505796241257
H11933,0.14765659219086985
H12164,0.13092965774088602
H12285,0.13509655494414813
H12427,0.22640604863847513
H9167,0.13429732345811374
H9168,0.13429732345811374
H9657,0.20750502047426012
H9658,0.20995232621224352
H10002,0.1607479415116584
H10003,0.13609146319379373
H10030,0.2301778434800263
H10082,0.22643101809046187
H10119,0.14018349247446296
H10120,0.12375387044657246
H10123,0.3713795290966164
H10213,0.24273351278900548
H10398,0.19358068755731994
H10443,0.24071391061954753
H10576,0.20571556295462196
H10772,0.22231022413255666
H11163,0.14926996131237244
H11431,0.11940864927784696
H11647,0.17308932249161377
H7690,0.5393369342348949
H7691,0.5451540346818128
H7709,0.21960361571716092
H7710,0.21960361571716092
H7809,0.16724466879008454
H8393,0.11187631975672503
H8394,0.11826842704797982
H9057,0.15143854322538705
H9058,0.1262230031005837
H9595,0.36850306949786754
H9616,0.26574072460310416
H9639,0.25029060355804883
H9720,0.1932797767161486
H9839,0.1499692953727162
H9840,0.13799632125290398
H9842,0.24397149279497263
H9843,0.2507988379949813
H10054,0.13429432445396455
H10055,0.1267111980265668
H10591,0.38385535969156637
H10615,0.49789677137521365
H10903,0.08805360416763505
H11727,0.1066785617664335
H8421,0.47775038311600515
H8422,0.36415800479475513
H8643,0.09714301232878421
H9209,0.13910901604748635
H9719,0.13671325435283643
H9732,0.10081757032506469
H9796,0.4178208204931849
H10436,0.2446700564975402
H10437,0.19226304522725848
H10597,0.14814834122501258
H10598,0.2503504358005326
H10654,0.18462767753372997
H10655,0.1782707959596089
H11252,0.268887190608143
H11287,0.1402279930554974
H1130,0.20236675632434495
H1131,0.1983421918742271
H12607,0.2475775218983984
H7542,0.13101448818357314
H7545,0.10245933396591494
H7641,0.11697691808519906
H9198,0.11210494728257193
H9568,0.33347525056949656
H9674,0.2080814315362273
H9678,0.40300319124993494
H11174,0.31462510247954784
H1133,0.2095893097457174
H7816,0.09114289726720728
H9634,0.17751648197331657
H12300,0.3582868404535804
H7775,0.19501025996205787
H9063,0.15516953148487403
H9200,0.09247577788030109
H9201,0.0978652104971143
H9607,0.23227562888347417
H10180,0.10038802651628274
H10181,0.09537920996733382
H10255,0.19815047820393974
H11341,0.13630632303623014
H10475,0.137410441071168
H1142,0.21596645033856562
H1143,0.2130618711672015
H11707,0.35896154655701074
H11708,0.33028660272195165
H9682,0.3156245142899333
H9683,0.27520439180389905
H9996,0.21414992281881964
H10056,0.11455300633311472
H10256,0.15967003972192031
H10257,0.16494407177834497
H10399,0.5507739230169244
H10400,0.5293839256448449
H11302,0.0997365202595303
H11362,0.16069975683992674
H11696,0.44222144186474116
H8403,0.12259868096245455
H8411,0.09368711226653281
H8413,0.09129067445682972
H11581,0.129496170169086
H9037,0.12032933071261182
H9199,0.14053661331817519
H12428,0.25725347855476355
H104,0.1836954885403224
H105,0.17912655555160945
H809,0.17438595863891634
H11227,0.09449127249229627
H1259,0.18438753099517177
H800,0.16724220725508
H11782,0.12194112741413998
H1005,0.09348646633766179
H1253,0.13329440051965752
H7571,0.11965160177146457
H7566,0.15854124157326152
H7884,0.12217151635235247
H11101,0.10045123088551464
H10859,0.11392854076202936
H1074,0.20728339719771194
H10764,0.11501763736298766
H12234,0.21713500732178273
H12296,0.28913751189554926
H11701,0.13730660946122802
H11757,0.15270636021117837
H12019,0.49472803075724775
H11369,0.12701627079244537
H7483,0.14219939487983538
H7484,0.11897634456248445
H10178,0.0896849612648855
H10584,0.11900629242764507
H11745,0.09326975654929859
H10245,0.17986250392596037
H11363,0.4772506689901592
H11918,0.09747884809680926
H7655,0.18695667256824147
H11070,0.09533499236813353
H11071,0.09152756696154359
H11625,0.13538143500346653
H11511,0.14444766944511794
H9920,0.18018881621030566
H1214,0.11857714351801255
H11169,0.1482828935856838
H11915,0.1699064067726115
H816,0.14100594396314037
H817,0.14100594396314037
H860,0.1507758956228124
H12111,0.10623842527936003
H12141,0.18169164975481833
H12148,0.15154307830093644
H12151,0.10680020247866277
H12152,0.10405335813351624
H12155,0.12672873722256953
H12156,0.10919743603708978
H7771,0.13657277465970644
H7772,0.16892226426774992
H7773,0.16378655757674015
H10522,0.46176225642968893
H10608,0.22730601122705243
H10624,0.3278002711360437
H10625,0.24457004098875837
H10649,0.24844760516898415
H109,0.3800392827601244
H11006,0.23730775938048815
H11299,0.23279365171676888
H11308,0.1631632314964964
H11309,0.1723688185466958
H7681,0.19622924053595792
H7682,0.20378993292033962
H7683,0.19506396419026095
H795,0.19473741925114862
H9729,0.1743032670169503
H9838,0.11426730270419064
H11643,0.15857924002472645
H11177,0.17552079048834116
H11652,0.3207516733357839
H7854,0.17752000765584675
H7855,0.16947838562097722
H11711,0.11661950662977569
H7932,0.1312960367858789
H8167,0.16795501032250054
H8168,0.10879169755451135
H888,0.12155377957454583
H889,0.090621996991017
H11521,0.33042270071852975
H11522,0.3062190045392244
H792,0.13460702002668726
H793,0.10921825901533916
H10805,0.1500685945891467
H10791,0.14892167626636818
H10841,0.1848159528813526
H11716,0.15531841087394296
H11186,0.2439508373931495
H11187,0.21094563731578536
H11188,0.19427041943545745
H11189,0.2128596784919949
H11653,0.2128596784919949
H11823,0.171046704457775
H11824,0.38058477783951267
H7786,0.13584811992673484
H8620,0.08847834783884156
H10012,0.20787635471089252
H10337,0.12554458618030978
H10671,0.10573838506376099
H10672,0.12940631420123644
H9786,0.1556474909654841
H9790,0.22307221725263154
H9960,0.3604288980894952
H10579,0.3512935462090792
H10580,0.37218656775324716
H10395,0.16521135492784522
H10396,0.19260700260792157
H11744,0.1862369332004858
H0,0.09074852251732884
H11854,0.39806638973384223
H7588,0.28272097468753715
H7589,0.18214811359309074
H7607,0.16479851669252726
H8621,0.18578281400216823
H8622,0.224066067486883
H8624,0.27250155644089213
H89,0.11460304381937915
H1229,0.44073851482626897
H770,0.21558692807350258
H771,0.21457299142709563
H773,0.15151018951400544
H780,0.18930433414372214
H819,0.35247967153233317
H821,0.21221840308410392
H822,0.17676888803792448
H826,0.0961605499599199
H878,0.2154242826767449
H760,0.14958681509640342
H919,0.1988114620520869
H920,0.18587754676157245
H759,0.13334740983016014
H1047,0.1154878991458847
H11318,0.4064377918100757
H11319,0.3993177571965508
H11353,0.1303874664337108
H11355,0.13327272908863655
H10249,0.13093792136192814
H9759,0.19301184103886743
H9760,0.1992409558736715
H1244,0.1667916611056153
H11314,0.4613265743192013
H12003,0.29368823181657794
H8129,0.13535268288039803
H11449,0.12462580007372119
H11518,0.10861685251944724
H11519,0.10469864316174489
H11059,0.19490464030297958
H10730,0.09522790172201696
H10939,0.20577752595335452
H11291,0.3943250075227021
H11292,0.3884104853732057
H12360,0.10078095190552241
H12424,0.10143149389655533
H7576,0.40784311245200533
H7577,0.4137300448415239
H7614,0.09676013901738108
H7615,0.09090426452210221
H7791,0.21670557758441872
H1001,0.2025877182642532
H10957,0.2221833515781537
H11368,0.25893507093795626
H11978,0.12217798634017096
H12532,0.20936538913156147
H12537,0.1560468801864753
H7604,0.12730293540017762
H8130,0.14646343665157643
H8132,0.10364291338025733
H8992,0.19303010683084112
H9647,0.12338919889290785
H11329,0.19930391472283382
H11229,0.25876518633316825
H10220,0.11869404526198041
H12568,0.11941109533872518
H12569,0.12403472780338311
H12053,0.3809574029281113
H12072,0.15483195833225202
H8628,0.12025424728690483
H11268,0.4053154313812923
H11269,0.4053154313812923
H11473,0.18884978823704732
H8126,0.16093389364660143
H8128,0.17931963277086446
H11317,0.4937810917443409
H11331,0.12890137555651324
H12409,0.386554741846536
H7675,0.1510945753612183
H12107,0.352240074079218
H7665,0.3407172031402664
H10231,0.18202636653277232
H7844,0.15041034624636412
H10703,0.44035240630942973
H11145,0.1499410309399695
H11234,0.11459324469728194
H11598,0.38371860216910225
H11814,0.5120776844687606
H11859,0.17854462553076975
H12186,0.4250829723334929
H12187,0.41684363102704736
H12188,0.36200429882890606
H12189,0.35423427265969304
H12232,0.4506831630227676
H12329,0.38261845347480955
H12330,0.38261845347480955
H12331,0.35747552676070304
H12549,0.24619888707912016
H12550,0.24619888707912016
H12551,0.24619888707912016
H12594,0.17652184658990133
H7594,0.09719298428885494
H7595,0.09801131055928133
H7622,0.5071506895144712
H7623,0.5154643423524833
H7624,0.4120282408682628
H7625,0.541895073188328
H768,0.102769931805658
H8158,0.20108278497710727
H8159,0.20874570323418556
H8160,0.20108278497710727
H8161,0.1744285053633987
H8162,0.16985528610970577
H8629,0.10165446825284796
H8965,0.19540445762339842
H8966,0.09801131055928133
H921,0.13849276561506282
H926,0.15781077857003842
H11645,0.1626601702416527
H11646,0.16148274471901966
H11923,0.23308328831120445
H11500,0.13847251108649364
H11501,0.13319592012524126
H10808,0.2295152724522088
H10811,0.19754491875016117
H10813,0.2417329471138121
H10814,0.1840698997676562
H10817,0.17360137563883057
H10818,0.2359352303775496
H10840,0.17690811712961496
H10842,0.21205316752014086
H10843,0.204393648889156
H10844,0.2091159518471361
H10845,0.2006299056625699
H10847,0.1533436614670263
H10848,0.12656601008221718
H10849,0.23647030773773242
H11279,0.21205316752014086
H11737,0.10342019417699513
H11742,0.12481710980340704
H12082,0.1273616169988744
H12447,0.18260865292237644
H7831,0.17596506808013218
H8390,0.18662227580924662
H8391,0.19258253830690134
H9203,0.16580968917049058
H9225,0.1301071836727902
H9484,0.17138605687718408
H7912,0.209004343603362
H7913,0.22969032977274706
H814,0.12408917294621458
H815,0.10320972073276606
H11815,0.3852568701974728
H11346,0.14552786752908323
H7744,0.12085917863698754
H10988,0.12405806017156744
H1173,0.09584750369474167
H7648,0.14193600004180676
H9592,0.1832559051127826
H9593,0.20021004076219046
H9594,0.32394402366649483
H9853,0.12961530448148628
H11075,0.19415766917996724
H9906,0.16980680768864695
H10251,0.0902203644637953
H10273,0.11048672475665576
H11199,0.09103591823754538
H1163,0.5138040432123954
H1164,0.4729838451041036
H1172,0.2182272110547436
H12394,0.16326622098830532
H8633,0.09216374490608699
H8634,0.08037113449639974
H10408,0.10159649215733138
H11296,0.1918075690697016
H12015,0.15552169488107728
H10039,0.34321010700243465
H10539,0.22379856246191385
H10693,0.09474473969189269
H10870,0.517553157805256
H10871,0.517553157805256
H11613,0.08613020916322393
H8145,0.1242471677792254
H11445,0.22152196114260114
H11446,0.18950112360321766
H10373,0.1564275745088332
H11454,0.10462687373034747
H11295,0.12795095953504523
H10051,0.17278752649822204
H8156,0.09403970151374978
H9193,0.34401499636514976
H1165,0.1830911721084916
H1169,0.2155568189532772
H1170,0.20819350681702975
H12555,0.09134246664358195
H10683,0.09961048263811917
H11839,0.3491725146776562
H11130,0.4652176265371462
H11131,0.3313777908504697
H9797,0.13540009610429482
H8025,0.1578999587035962
H7666,0.18168798240294753
H10760,0.30800468779612517
H11784,0.2982201983689918
H11785,0.3044337028756654
H11786,0.32858617653563654
H75,0.1637315630254436
H8429,0.08486747190030013
H9463,0.18892568584575176
H9465,0.1720473309739266
H12445,0.0854098843674556
H8430,0.09584916762847653
H8431,0.08692427456456527
H9462,0.09423245257840628
H10442,0.197084224509891
H10749,0.19330685536004766
H10750,0.17845798830319443
H11987,0.20287621936535136
H8010,0.32854013252316927
H8012,0.16025961192732774
H8013,0.16067119769214883
H8014,0.1540697165995231
H8015,0.1509576171070594
H8016,0.23790792583618328
H8017,0.17560148215060034
H8019,0.19270207392768576
H8021,0.2138352290141089
H8023,0.20029789466144435
H8024,0.23902112545778878
H8028,0.2235259577993136
H8029,0.17622375484462746
H8030,0.21820372975215663
H8031,0.19270207392768576
H8032,0.1670774821930653
H8033,0.18328838456206112
H9624,0.22114459513913365
H953,0.19186903552031798
H954,0.17435591242080753
H956,0.49295430724320605
H957,0.36992960764543714
H958,0.16358090897969377
H959,0.15708128044634484
H960,0.16906893238438428
H961,0.19164202664360175
H962,0.18854106351976946
H963,0.1699044047678367
H964,0.1748651710237002
H965,0.18682968583508983
H966,0.3546594184189029
H10330,0.17885989608167976
H10331,0.1999887628846424
H11840,0.10242066217128358
H9770,0.44973257654240745
H7827,0.12722091787926115
H8424,0.11194861213747452
H8425,0.10674844822486687
H8426,0.08664737620239409
H8953,0.12703150308279465
H11900,0.15131211857952948
H11901,0.14860920460282062
H9130,0.16223244486435862
H9136,0.21408747878072154
H8327,0.25458575672438116
H8328,0.25261245888493244
H12239,0.11715474134311038
H7925,0.21248187628722381
H7926,0.21577723794612916
H7927,0.20936660296400156
H7928,0.22868537706400574
H7929,0.18847376565448576
H10634,0.14711982284622624
H11064,0.5164767634592465
H11217,0.15385757568062303
H11364,0.5443814312091592
H11508,0.19971530213790067
H11622,0.2622394016551165
H11685,0.3255998779060525
H11686,0.316864672216934
H11836,0.22896438268385694
H11998,0.4978470652222651
H12054,0.3081775926742375
H12383,0.18886102490220918
H12414,0.1599234947439248
H8150,0.24289403457576214
H8154,0.25672760232764796
H8322,0.35467556860258814
H8324,0.3656755628591332
H8325,0.15817508413023934
H8326,0.45612841461860587
H8329,0.45619975618411296
H8331,0.5400720139350601
H8334,0.18521199227812413
H8715,0.2018268674125825
H9665,0.3799886542988123
H11648,0.14275760172488075
H11974,0.2069316557846647
H12036,0.2080032628617325
H12037,0.20538343528239034
H12039,0.2089694085827485
H8323,0.3591102017646022
H12213,0.18690377680094644
H11201,0.3505631510494711
H7658,0.09742197397448815
H12142,0.19712064074284066
H8716,0.08809770757962368
H8952,0.30709549270814096
H7514,0.11571507747190482
H7515,0.09843083213959723
H7516,0.12899400783037385
H11035,0.1644094454822067
H7517,0.13620618857777494
H7518,0.14767504488062624
H11050,0.14485616943094456
H11051,0.1310389217039835
H11513,0.12867801003591717
H11111,0.18843994603653788
H12530,0.18704186299895967
H8330,0.3376402610924533
H10781,0.12053443715522404
H11490,0.21369334425282463
H7535,0.10687289566630673
H8149,0.16551320002472186
H11973,0.2515266976417604
H7554,0.17121375597369068
H8,0.1863604978600465
H12294,0.320343101606523
H7722,0.22588754621328364
H11612,0.17258855958854802
H7591,0.30863978011960863
H9417,0.13303070451357774
H93,0.16878625478153947
H1078,0.3446497934889193
H12012,0.10827119176249157
H1256,0.1619477686924228
H7631,0.10964598563612188
H7828,0.1396866106303791
H7829,0.1480753903112312
H7830,0.1329447779909865
H10938,0.1423938528857371
H11391,0.35904630028747214
H7524,0.24058287552489255
H8687,0.21697168645458184
H11041,0.2308789494460863
H12312,0.3599989950527138
H12313,0.3632886014797935
H11850,0.13659370170863294
H11650,0.14688286509991597
H9197,0.11916393054848493
H12515,0.13600965682052227
H7593,0.1407142761786822
H10838,0.20433771774814186
H7976,0.10773926071254049
H9860,0.3376918264572486
H9861,0.3162961683788761
H10163,0.1521507549864002
H10164,0.15004988837192834
H9564,0.1704554017505665
H9570,0.37437413780599677
H9571,0.3143703743803948
H10307,0.17176987627163642
H7793,0.1495719010684129
H7794,0.17918494642101068
H7795,0.13355851797319018
H11067,0.13403332575244817
H7861,0.2014849116987619
H7863,0.1712255152973787
H7943,0.13167369925777905
H7945,0.12022335954389558
H7968,0.16611627438471685
H7969,0.15724789700017858
H7970,0.21435296248419147
H10094,0.1665743255237595
H10311,0.1750916535365862
H7910,0.3581912865961541
H9527,0.21969746931900977
H10685,0.14734345613335406
H10531,0.2179990711671264
H11216,0.21640129727746413
H11255,0.20208895583567787
H11524,0.46531350445154707
H12361,0.27124662033895963
H7495,0.1312860117907685
H7519,0.12925590025921926
H7774,0.23891824496262162
H7778,0.14830400392748166
H7807,0.3187726012119432
H7891,0.25494722855260377
H7971,0.2680611364166396
H7973,0.2321165938780715
H7978,0.2492061957500481
H9406,0.21499428806362217
H9407,0.24421417410610768
H9502,0.24724618421517117
H9505,0.24955202799592166
H9506,0.5360339219885718
H9510,0.2742814622241234
H9511,0.4655903782285925
H9512,0.42712978050461387
H9522,0.27024716652980074
H9531,0.23187895230220204
H9532,0.24539882320388084
H9569,0.5765295001492049
H9613,0.5076313653708772
H9615,0.25941899657531536
H9621,0.14616809236033132
H9622,0.16305069708599781
H9700,0.16822672253890622
H9844,0.5167433189695019
H10585,0.41213705706084813
H11184,0.14153416977632177
H10857,0.1254331925300091
H7776,0.13376009283989948
H1183,0.09106523310407871
H8604,0.13800509756353402
H8605,0.14783520327121802
H10740,0.3569471737279989
H11264,0.3455256424173299
H11525,0.1879489770840435
H11528,0.1716654289518569
H11530,0.20364581246837138
H11531,0.19860929209339903
H11532,0.19398650203210746
H11879,0.20739897806414487
H11880,0.18861219166080054
H11882,0.18059062010643867
H11939,0.2501810639220608
H12369,0.32870124236521453
H12370,0.19336366949318917
H12575,0.200785111096549
H12576,0.21507163786029362
H12577,0.21545318078983527
H12578,0.21721195567359425
H12579,0.2173589530880237
H12580,0.21076238130762973
H11376,0.16084101159114833
H12268,0.10218029299606768
H12456,0.10528172686490672
H12457,0.09840953081688728
H8985,0.11723103689139208
H8984,0.0943767139670924
H11993,0.17319451788434154
H11996,0.203816911069471
H11303,0.0905008731464355
H12367,0.11492841765698124
H7557,0.1269067561095708
H11860,0.12840454044327912
H11630,0.16561080777617698
H11631,0.16735143553826765
H7741,0.14061335954565832
H7742,0.1140332324625922
H8648,0.11540729201279308
H9918,0.09748240854046311
H1010,0.15850567975101026
H11477,0.1507024845398227
H11963,0.34673766639111236
H10345,0.24096957851986878
H10346,0.23265165012460168
H10394,0.165655207457314
H10534,0.18848136611327282
H10552,0.17662720165505494
H10588,0.2191009468658989
H10610,0.266034869403907
H1088,0.11975485883821652
H1102,0.11440395794830059
H11943,0.20094715009156752
H12071,0.21057695832775722
H12518,0.19376708202276294
H12519,0.1979619742622994
H12558,0.17848908857584492
H12559,0.17848908857584492
H12560,0.17257078970820106
H7762,0.19316120549544533
H7763,0.1970050024014806
H7852,0.14383000155441197
H7894,0.21627458839082261
H7895,0.2078320161717347
H9468,0.15770373253740644
H9473,0.22219183872031026
H9780,0.1872925732616779
H9781,0.19760361234287127
H7857,0.1188054379948823
H10047,0.14253124085892108
H8970,0.23179836632789874
H8972,0.2166395576934244
H8974,0.4578135785709727
H11665,0.1352649298273078
H1084,0.15986022864637336
H10936,0.29185748322936933
H10937,0.2839284861182491
H11336,0.22782519641116367
H11846,0.17029746917368999
H11847,0.17177314346312259
H756,0.1780928220479389
H7859,0.1677117919095214
H7860,0.2799754735928922
H9185,0.10390384278738385
H10910,0.17994740155941202
H10911,0.16109963987559367
H10174,0.1275845010900345
H11140,0.0917021677905011
H11141,0.0856876860922891
H11213,0.1939633670844754
H11214,0.1835597769037098
H11372,0.20370000082924852
H11925,0.10855202300032843
H11935,0.09371358186900997
H11936,0.1097391517051362
H8969,0.10321329198841388
H1157,0.1493165559700519
H7833,0.1499266251645987
H11794,0.3931707809623994
H11795,0.3663198573946557
H11796,0.5188717879575703
H11797,0.5369093933380813
H11423,0.13464718212435856
H9947,0.08858296161739487
H1146,0.09334827539838804
H1147,0.08971720449671186
H1148,0.10521818179933182
H1151,0.1345107102294873
H11615,0.13783954284592947
H11616,0.1253403618149202
H11940,0.2030127494769681
H8975,0.101943048553011
H8635,0.08841444913715378
H8636,0.0963448382030727
H10011,0.1395366355469584
H1008,0.1950826093374849
H1009,0.161197572963989
H9994,0.16679932294815783
H11207,0.3775429249472461
H8721,0.10675512547856385
H8722,0.08896194727228234
H12586,0.09536958278493804
H10930,0.13335803612777827
H10931,0.1057453340883038
H10932,0.10261921612598568
H12172,0.1592027247489243
H9949,0.15782360596252148
H10305,0.5081461256526667
H10306,0.5081461256526667
H11483,0.19146798534047993
H12351,0.3680979801378643
H1255,0.19901986938731023
H9985,0.12940327536221372
H10951,0.2933782823626857
H7842,0.18225137942400277
H10219,0.1014695070918897
H10299,0.13472164854915475
H10607,0.15483195833225202
H9493,0.1328178342268158
H7821,0.14011511622524708
H11406,0.22489392028394067
H1043,0.08892142767740492
H11706,0.1435704512496391
H1042,0.12760109196116373
H1045,0.1654062259836712
H1046,0.09356624463046485
H11172,0.17154435348994196
H11173,0.186484562952975
H11371,0.17512090448881218
H11407,0.1622960044966523
H11408,0.1554479238615768
H811,0.09965134238289439
H10869,0.11090188237511536
H7996,0.19808615840870564
H10188,0.4093702919693129
H12217,0.17630279044731398
H8049,0.3636980276908046
H9082,0.10385766125542133
H12431,0.16468075565009135
H9450,0.09107260229605048
H9451,0.08878846857200241
H7564,0.17233979351419337
H8075,0.15051555273187556
H8076,0.12096582976335064
H10236,0.1805663623905106
H10237,0.16821848108939502
H11459,0.09878721897874977
H7824,0.15506608072068348
H9092,0.11680798019024584
H9243,0.1581662248090652
H9244,0.24240537899363065
H9245,0.3669336648633627
H9246,0.16193034664807276
H9247,0.12373293228254169
H9248,0.18312696847399387
H9249,0.2512590434448477
H9251,0.11306963314302762
H9254,0.1413370141085635
H9255,0.13077979925765928
H9256,0.10946780463147458
H11017,0.10143534170159252
H11018,0.11808653287305954
H10733,0.11394004483653364
H10775,0.11388404448621181
H10828,0.2586614166172583
H11420,0.4879511234116612
H11681,0.23609468263295894
H11945,0.1178009458863805
H11946,0.12724960802918467
H11992,0.14149045079980793
H12240,0.42908486780795263
H12243,0.3795198105599488
H1245,0.10391379525393299
H7573,0.15353816016238286
H7847,0.13382752418894167
H7882,0.1698976538762994
H8039,0.2062544069627299
H8040,0.1171968191731054
H8041,0.1195196367432721
H8042,0.12998778389006324
H8046,0.10388384933247637
H8069,0.14160349499080316
H8098,0.19940887215522912
H8099,0.252089806165207
H8100,0.12744844968461674
H8102,0.19635084989812984
H8103,0.13444512015450935
H8104,0.16644968847409294
H8350,0.11179232080082832
H8797,0.19854989892880617
H9069,0.12838126739817998
H9075,0.12724436827250216
H9076,0.13556726846020736
H9079,0.10945058642595132
H9083,0.18951149266243084
H9084,0.12566900762516714
H9085,0.19940887215522912
H9086,0.1931606262288816
H9089,0.1273611639432535
H9093,0.12432504921266103
H9094,0.19232210229056987
H9096,0.12616988516982283
H9098,0.1140652473252301
H9099,0.18951149266243084
H9100,0.12724436827250216
H9101,0.19940887215522912
H9102,0.1920947301219908
H9103,0.4921776308408294
H9105,0.17038188798859252
H9106,0.11124224530268222
H9108,0.11511615132757053
H9109,0.11459613874560878
H9110,0.19232210229056987
H9111,0.11010325836868964
H9114,0.1291620703376676
H11494,0.3222646816937431
H12252,0.30749574490587034
H11058,0.2632198419100716
H11743,0.5554044244242518
H8101,0.0867131526151374
H9087,0.2980657857987139
H9090,0.2706701898037618
H9119,0.2136105158690085
H9120,0.21136857000889422
H11509,0.23172184363078344
H11837,0.19141724369389462
H8105,0.2200176154384201
H8793,0.15552169488107728
H12507,0.18699871489476086
H10626,0.34633234886653785
H11628,0.21959705586581071
H12396,0.39714786099960714
H12397,0.41602637583276
H12506,0.39378172320788446
H8057,0.43875790307093265
H11031,0.15948622897835407
H11055,0.454259972636081
H12178,0.2219758275589967
H12496,0.1848785842099938
H8043,0.14819226702824773
H9104,0.23254971772114222
H8061,0.13191299729263065
H8062,0.1411540736228644
H8044,0.09135379455092989
H8045,0.09528709695668658
H8109,0.08838008652633202
H11436,0.14304409896298967
H12358,0.09156832743395951
H7559,0.08625996789591854
H8654,0.1661090997494921
H7870,0.1556779599471893
H11512,0.19725665969809508
H8000,0.31247081962291484
H8002,0.12379785278908627
H8004,0.1019419779327464
H8286,0.1511823597481541
H8295,0.17206948964540886
H12375,0.1289430778366746
H8675,0.1275796629819972
H10189,0.2213429182709133
H7490,0.21288607871295914
H12154,0.1517938023463901
H12512,0.17682478147904981
H11486,0.20064172527014504
H11488,0.17565038443243366
H8034,0.08539841870136515
H8085,0.15267472107274976
H8086,0.147787680743742
H8092,0.1601315043279595
H1029,0.0921058682880318
H1039,0.10165016624110074
H1048,0.14788816715069328
H1050,0.11794543033211755
H1051,0.17963895843422353
H1052,0.1312960367858789
H7836,0.13747024640400435
H11132,0.1985258914732037
H11135,0.20973534663956422
H11136,0.20973534663956422
H11148,0.3571104098120213
H11149,0.4072495414845319
H11212,0.26990370462154306
H8077,0.26740519637801874
H8082,0.18147888501006137
H8095,0.17768211866089767
H8096,0.17994518322404077
H8108,0.1509961290182937
H11143,0.4867559592771389
H11142,0.5397532356832724
H11498,0.24367206834720123
H1218,0.18733873970710307
H1219,0.18073049889045556
H1222,0.18260189318619865
H1224,0.10293858947674092
H1225,0.1733757300177094
H1226,0.17965009395749446
H1227,0.14004315690939464
H7889,0.3924899854967659
H11429,0.16625045092709356
H9039,0.13503888971135503
H8084,0.12372878332014255
H8087,0.230282246615654
H8090,0.12478635328760505
H8091,0.08804828258802756
H8093,0.11983521028539681
H11247,0.30801314205446595
H1059,0.13234335991146715
H1060,0.13543854799705324
H11386,0.1965683715941607
H11387,0.20124490932902622
H11040,0.3874382552146446
H8079,0.2235805078440787
H8080,0.25220987471045797
H8078,0.21714832324585612
H11178,0.36194213132613573
H11005,0.293536236589347
H11750,0.17469595083082673
H10296,0.09157875239961585
H10523,0.09259447341259498
H10044,0.18858798485442926
H10206,0.1233533784421642
H10538,0.19049798345309193
H11453,0.15715182689855411
H9655,0.1588560108618724
H9656,0.15593602722170397
H9671,0.1823569516067463
H10034,0.161281415261669
H10035,0.18497191846083444
H10159,0.26292774493264337
H10234,0.25343440660787336
H10235,0.23571654569597147
H10240,0.2616088677181299
H10549,0.4122749250624581
H10589,0.11137291544285154
H10590,0.09418974534911181
H10686,0.21789248150598564
H10800,0.5475366239378395
H10917,0.14868270757926344
H11289,0.2005643907917002
H11290,0.2084218911918201
H11322,0.12326825182469897
H11426,0.17096454775651554
H11535,0.26533727113854955
H11554,0.15253792548615658
H11574,0.20860803549544155
H11698,0.2534243428500372
H11755,0.27925958449461263
H11932,0.22266529498276058
H12090,0.2932288082720207
H12091,0.285443049591071
H12242,0.14570454652275178
H12436,0.41702312079275716
H12437,0.43886772559419823
H12438,0.42005442522032715
H7673,0.20699346742417873
H7680,0.2730167301826281
H7699,0.2618528538025324
H7700,0.26007168639888245
H7753,0.19372559957494875
H7761,0.27499872178103624
H9641,0.27067114319178137
H9642,0.3955374759650447
H9709,0.24876736044987965
H9818,0.26247057288412795
H9819,0.20962503477875413
H9876,0.15971265822391384
H9877,0.2563816682047726
H9878,0.22994598555185955
H9879,0.24200626000416547
H9880,0.2533120987442189
H9881,0.21941187258163358
H9882,0.22200934829020585
H9883,0.2493060301677023
H9885,0.1589171061147994
H9925,0.15607809603301878
H10695,0.13009862201243655
H10696,0.1507024845398227
H10806,0.1108172283689007
H9762,0.12955705133404224
H7587,0.17144790648301098
H7780,0.1682813342169039
H12483,0.1222053556306757
H10022,0.2348923784077503
H10023,0.18823431617700404
H10536,0.21498274701987763
H10537,0.22060172374922923
H11462,0.11359440839204292
H11714,0.14149905979905844
H11960,0.2690387794598324
H12526,0.18756619501111155
H7500,0.22071733526762333
H7501,0.2040957360494444
H7603,0.21128232791721552
H8432,0.10194909515335168
H8434,0.3641006966022798
H11250,0.19815870017467171
H11251,0.20577363192043122
H10724,0.16681668283601767
H10833,0.1394921104532982
H11480,0.1391532653462677
H11731,0.12647404283835004
H12465,0.3552535541466092
H8437,0.20245427923482104
H8439,0.1575939103397747
H8441,0.1396892320700215
H890,0.231563067155871
H9795,0.14866756024011862
H9854,0.11009500646579584
H11810,0.10374364343128276
H11811,0.09730626348563755
H11961,0.2408032477804491
H12068,0.36891997227741036
H7873,0.16576336356609916
H8436,0.16774185802052832
H8297,0.08911533802429038
H10954,0.20217496743880747
H10955,0.22286284069111562
H11541,0.4617357514712793
H11544,0.44101839290296424
H11677,0.24602164118951705
H11702,0.16673399919390902
H11703,0.18209152675563156
H7510,0.21537903646958076
H7511,0.20844113748453283
H8440,0.20424129935302354
H12516,0.37978883865687235
H11942,0.3640772865411631
H12349,0.4631824583920543
H9572,0.1804749358621361
H10824,0.21712458834934045
H12293,0.15663982413108193
H7736,0.268030386099918
H7751,0.09071360707352893
H12527,0.22766724655826592
H12528,0.21400230823910377
H945,0.2623449844377529
H946,0.2404491695164241
H10312,0.5752404829503187
H10313,0.5842504473529183
H10314,0.5870032122043025
H10315,0.4326419879321488
H10334,0.24533960394152926
H11991,0.19794314723886447
H12416,0.12644816774026077
H10109,0.14342818587089462
H10232,0.10153274155404422
H10239,0.16709371517887214
H10332,0.20909882020856999
H10333,0.2052664305871363
H10338,0.19660882779473363
H10344,0.2088746170006199
H10434,0.2353484170766138
H10469,0.17735394181211342
H10577,0.13808321276335955
H10603,0.19704906427589655
H10820,0.19733341625601786
H10821,0.18481289588289873
H11717,0.13817070428350095
H7601,0.18995418018961072
H7832,0.1787667281549627
H7902,0.1922815048298842
H8301,0.1937315539581748
H885,0.10959060491266125
H9179,0.11832186826040197
H9180,0.09735020614456662
H9653,0.11174572572301782
H9970,0.266783206078434
H9971,0.25660212181260184
H9972,0.25350437242161084
H10013,0.31675003672716484
H10033,0.3146915016776675
H10037,0.27341392885174015
H10069,0.19613046049557734
H10165,0.2182405972410049
H7735,0.39647932997041774
H9869,0.3180357549002332
H9870,0.2871288112572698
H9871,0.26301683357601285
H9874,0.28544133963154233
H11028,0.11765078671605782
H10704,0.32874290681639895
H8611,0.19098161329792832
H11534,0.12039539166673689
H10073,0.22603402745195064
H10074,0.22727041074140633
H10075,0.24830062603542238
H10429,0.21740903065160833
H955,0.0946402376850821
H10241,0.19200207241529077
H10242,0.20065015991259819
H10243,0.19133827077717572
H8609,0.12487789107972251
H7840,0.1789330129095669
H10908,0.2037388462390582
H10961,0.10899591710309901
H10962,0.09676737616596351
H11245,0.17704800483276312
H11394,0.49401843649921756
H11435,0.2145277291302554
H117,0.2854389899745606
H122,0.20630652294111684
H8300,0.18094785370778774
H9889,0.18104337483649044
H10435,0.17521272799082308
H11150,0.17527481132106837
H10707,0.155142921527933
H11427,0.47236710258667136
H8299,0.10439514278001895
H868,0.10183329003390472
H983,0.15484857138077984
H8657,0.12912036377344818
H8658,0.12461333165438422
H10326,0.19151704075618667
H11988,0.20426736320136363
H10067,0.2110800473075656
H10916,0.13120661517286508
H1242,0.09490880710103262
H7900,0.23715255061550417
H7901,0.18433519287825414
H8661,0.0913843782365497
H8663,0.18340279239233861
H9449,0.18143342222386805
H10027,0.26566446752966305
H11563,0.23880252936201982
H11564,0.23542428438316965
H1239,0.17905817511533048
H7759,0.17361029387760787
H8656,0.10433573668572337
H8660,0.23165369496607188
H8449,0.13877085681116555
H10147,0.12601194497872395
H9409,0.10567176886119702
H95,0.17019813477380294
H8807,0.13153072841753635
H8808,0.08602453733664935
H10823,0.09247928260161868
H12450,0.1823458376695495
H11570,0.13408809675570302
H92,0.18101059823096935
H11219,0.097072539188972
H11220,0.09488283419637646
H11221,0.09844025745740395
H11404,0.13304612655349188
H8805,0.18257881382753494
H8452,0.15621431626475699
H10553,0.15442610045707122
H10554,0.1560203745980016
H7487,0.10861007693203144
H7488,0.10766261033611196
H7489,0.11283981858111379
H9420,0.2072646512299229
H9411,0.096957516662524
H9421,0.14142026355808415
H9422,0.15947963827267728
H11798,0.15366279151696421
H10217,0.143570730437635
H10674,0.10767991847585019
H9867,0.11857714351801255
H1185,0.11797627456519583
H1186,0.08937313138837194
H1199,0.20379328502844735
H1200,0.20553702271328267
H1201,0.19787171238086698
H12238,0.45107103729668657
H973,0.1996816930944283
H975,0.3077775784455548
H976,0.35428579186269055
H977,0.147403365876089
H9257,0.14675479502631347
H9258,0.1560702961871743
H10779,0.09433593009943446
H9951,0.12896073101079727
H9952,0.1441922002939196
H9953,0.1184346081186035
H10950,0.16818216770843694
H8626,0.1048111851566033
H10629,0.1487892712744802
H11474,0.13809467890710242
H7745,0.1629561572459766
H869,0.14820641684518718
H870,0.13035277100388032
H873,0.12452823123634495
H8950,0.14740469191527503
H8951,0.15063405246909095
H979,0.14205101289651084
H7620,0.16075483430511775
H971,0.14120431378269768
H972,0.11791484249115572
H10547,0.31795322769046147
H12350,0.14608256909485062
H8706,0.10376514567770931
H8152,0.13102678598754866
H8707,0.16540423396193688
H9410,0.14666945743008888
H9540,0.19938548372586953
H9541,0.1966968442971174
H1063,0.20024790079937752
H1064,0.16983643887834116
H11995,0.21242194084686872
H9478,0.09625801238509844
H9479,0.09917916836001062
H9787,0.13845760038319396
H11955,0.1048734219617186
H754,0.13558231494959216
H11656,0.3124196771010034
H12074,0.09301610699642701
H12591,0.4772506689901592
H7907,0.1704742883857374
H9408,0.17216601895771352
H10889,0.1916063851978552
H1012,0.15617968613019836
H1021,0.4733466997766186
H1023,0.21732904520376364
H1025,0.16902314558358777
H1034,0.32536551426998067
H1035,0.28432668236614284
H1037,0.18633373914789486
H10151,0.2133849093888775
H10381,0.17022160528346006
H11332,0.1017641218300271
H12344,0.18628666489767862
H12345,0.19486576328255778
H845,0.20812870178372284
H866,0.14845471853090014
H941,0.21578662610332677
H9520,0.1056871835685221
H9583,0.2513387997601488
H9584,0.14382898165248836
H9590,0.24977599385141194
H9666,0.1911110750934903
H9738,0.19989932085633438
H9802,0.15830511163225425
H9933,0.31753056284660247
H9940,0.15205286955190528
H779,0.14540316976085166
H912,0.1630105698213348
H1075,0.0973299468016538
H7826,0.41814005576281627
H1081,0.13049858889191382
H1068,0.19039325016260764
H1072,0.13282738223534998
H1073,0.11821325856334348
H8288,0.133000459962224
H12362,0.12949704610892923
H9628,0.1431891337991973
H11663,0.09168095823473954
H11865,0.1627717665633505
H12589,0.35324411757108176
H10885,0.14714384535088443
H10886,0.17964752122638963
H797,0.17283753706690969
H11760,0.09574574050586256
H11761,0.10852614821083945
H11762,0.11879243244497038
H11160,0.17599510730931725
H11161,0.1802148249711218
H11162,0.15989223128390437
H7885,0.28374399590391886
H10952,0.18355437915581765
H1243,0.2977759731125404
H924,0.2836806387656561
H11588,0.21707077485318213
H12590,0.1642994509189433
H11499,0.10559725374534598
H12433,0.15290633133115253
H1067,0.32388923624767973
H942,0.2014258329324215
H943,0.19315305817849218
H10292,0.16328219612610814
H10293,0.1581957960027882
H10294,0.1716903616382927
H10433,0.36227354443776505
H10675,0.1265911060207927
H10751,0.20888597418753377
H10752,0.19702541400097787
H10753,0.1794798668922738
H11481,0.20413554592767064
H11102,0.097901777768848
H11047,0.342851907552938
H11048,0.3301764737776137
H7687,0.2906114739192318
H9618,0.21616852618497465
H9619,0.17892620468538864
H10041,0.0987609022482493
H10042,0.11343525217173576
H1237,0.10700968815156578
H7599,0.11611661205409367
H11215,0.3180768090808399
H11315,0.3846567345463205
H11316,0.30541150174084397
H10920,0.1732450403338988
H10921,0.171347155657019
H12050,0.33018942958231107
H12051,0.21763730886618424
H11624,0.2469336358389824
H8649,0.18394646657454114
H8650,0.18948684548223413
H9430,0.10157618822019027
H10009,0.3239329033003427
H9265,0.2931615431717313
H9268,0.322780794688432
H9352,0.21410488587214455
H106,0.11694250635110177
H107,0.10044861397319213
H12001,0.15018995816063999
H7606,0.0930650467137322
H11146,0.31254211457518793
H11147,0.3067135467509611
H7597,0.3714242792802691
H10874,0.3228275087659874
H10875,0.3399057378614785
H11675,0.21662624705538225
H9005,0.5355656654716906
H9006,0.5140903860444594
H9007,0.45177664529844486
H9008,0.39998523069594094
H9299,0.1889345598858375
H11892,0.3040349375088992
H9434,0.0984916650454945
H9480,0.11470442589528514
H9481,0.0855170803836222
H10913,0.2506967717368595
H11324,0.32972383628901003
H11378,0.269480513981609
H11379,0.2949442528291128
H11557,0.3209210841483063
H7556,0.23213284094373393
H7806,0.23706692118913084
H8140,0.18724420516738732
H12046,0.3238510464845037
H12316,0.311765644819697
H9296,0.10696530109585815
H9435,0.10259508909662007
H12044,0.2363824577718729
H12206,0.21051198550239486
H12207,0.2085342744364144
H12539,0.10163409767823468
H7739,0.15940601324045003
H9273,0.10707979057024225
H9277,0.20870914232242077
H9286,0.21569485037989872
H9291,0.23196785172842596
H9298,0.11127614788082917
H9344,0.0856536641649913
H12048,0.12954456360169903
H9274,0.09572279338686393
H9284,0.32438812510640996
H9304,0.3715622064270679
H11536,0.18268797776068882
H11548,0.11341784666456292
H11842,0.35462465077164346
H11894,0.11570762501354681
H12060,0.6056962097388631
H12061,0.6056962097388631
H12230,0.336099208846916
H901,0.09474707875702827
H902,0.10605417035670858
H903,0.09208401819671458
H9318,0.11008500817640764
H9319,0.11683155845136795
H9400,0.10584983836018197
H10739,0.2718844680437793
H11089,0.4884874216629693
H11117,0.2530153111293019
H11226,0.3421880094583383
H11502,0.13991445829650273
H11603,0.22374186233071577
H11869,0.1836340885989624
H12022,0.12884785171619292
H12304,0.2794330651230877
H12306,0.28899418276681027
H7642,0.3160166543831553
H7754,0.13015734341934823
H7755,0.12674001919149694
H7756,0.1052351467222662
H7813,0.46355431043613937
H8671,0.4767390941357341
H9020,0.20039982049514893
H9269,0.3045026370606997
H9270,0.32630026509161447
H9303,0.19426639173055116
H11325,0.38470026117625056
H11326,0.3892903095777768
H11340,0.19247275375622214
H11455,0.09731885904713228
H11456,0.09718835964082999
H11908,0.2576421795061527
H11909,0.3609065530797726
H11983,0.42739161589001334
H7848,0.34294183787135
H7849,0.36161057508207106
H7850,0.36745737001683537
H864,0.2469368410455335
H865,0.267332981512068
H8795,0.24083641264439326
H8998,0.4119976211588409
H9275,0.3066862564786982
H9278,0.20655587328056596
H11593,0.10101450731404986
H11594,0.09883736397308267
H12196,0.2509120217030407
H12197,0.2079299490412868
H7671,0.4821702642236388
H9287,0.13483329527250687
H10933,0.10496648964191517
H11350,0.16505093575387839
H11884,0.11523539582681636
H11885,0.12553410109931884
H11886,0.17515707776132314
H11893,0.2619489512990658
H11952,0.3012087066630587
H11953,0.29980440748072845
H12045,0.367956689034998
H8999,0.25508062350056454
H9000,0.28545562023708193
H1019,0.2608776859435034
H10872,0.1251799278016426
H10873,0.10976497591528771
H10922,0.11293015271246115
H11439,0.10929197483639111
H11558,0.1362154071682866
H11730,0.23285785010184612
H7529,0.4273177658316093
H7539,0.1974733271123043
H7544,0.28759469171515745
H8995,0.2952423455317506
H9282,0.12276382971686182
H9289,0.09336616478817959
H9321,0.20859983922578654
H9342,0.11179036905426148
H9343,0.10902071966774107
H11907,0.31568716691137266
H8683,0.25198472303013997
H8684,0.2777008736457022
H918,0.2170845319661509
H9280,0.11606775111596825
H9301,0.1893352543395795
H11443,0.21442893680731206
H11605,0.10898786884490451
H11606,0.10188540414927966
H11941,0.41946568024394176
H12102,0.0987029689829565
H12136,0.19746922991884674
H12412,0.1727273406816199
H9001,0.35590991163489333
H9288,0.09853483251253929
H9290,0.20483046313859263
H9292,0.22550071753603923
H10057,0.12002496047684612
H10058,0.12807278170383518
H10145,0.11805862858187917
H10378,0.2526208813474258
H10379,0.1461432190765782
H1096,0.20192171409158835
H1097,0.19534843186792378
H11495,0.25784667917344123
H11496,0.259997364023546
H11497,0.1368034033001043
H12307,0.5557807525300461
H10430,0.1220650025575206
H10431,0.3744753897701112
H10432,0.1380731280658212
H10450,0.19268068838617056
H10464,0.17654941676826288
H10541,0.39783105048065154
H10609,0.11846777872557031
H10628,0.2603922759559385
H8632,0.08445302558061066
H10656,0.08241439930222365
H1095,0.18368709761204932
H12333,0.14884175168417502
H12334,0.17772188637383812
H12335,0.15045053646811063
H852,0.19232839230756432
H853,0.1929866169576145
H10459,0.37123207216868054
H9967,0.10363581179663009
H7520,0.17261580762030773
H7521,0.174454362288217
H7522,0.174454362288217
H10830,0.10124869193494442
H9361,0.12843847048347937
H7880,0.13542655139596974
H9052,0.1352611064178907
H9053,0.10111843189259476
H9054,0.15800934351037468
H9807,0.10622445834015515
H11547,0.15554342271324784
H12262,0.22872561030664706
H12263,0.2270179859776359
H9966,0.18073382285380862
H9405,0.10208646012415463
H9050,0.09876877370549231
H9051,0.08959423377973796
H11049,0.1152301840830712
H9314,0.15541565313154262
H8677,0.0994775255112009
H8670,0.11338889937974524
H8667,0.10885867446528405
H8678,0.132897978426758
H9351,0.20952624126458666
H9398,0.16464080131089948
H9424,0.35538628698004804
H8993,0.38007578061780334
H8994,0.3692115799261779
H9395,0.10192975385149945
H9396,0.10162671988547424
H10246,0.22339066740768207
H10247,0.22238612163594743
H10248,0.2429149141113859
H9308,0.2499464514449934
H8680,0.09467946102634668
H8681,0.09389662481449229
H8682,0.09475195705145996
H9377,0.09889118563794845
H9378,0.10658674848550605
H12363,0.11546720828292636
H11747,0.15875855642292788
H11748,0.14225018445917045
H11113,0.11971969911349128
H9012,0.14792548415108292
H9310,0.17448007236625124
H10176,0.16925248670610704
H11949,0.16315071917635346
H7720,0.11236407299082335
H11321,0.10141958058208558
H9359,0.15788871280586242
H8665,0.1055768981909824
H9374,0.18506647328137674
H9375,0.21533876660586998
H9376,0.20504352582262966
H10416,0.21032792316301013
H10417,0.20987164540087241
H10418,0.17942100149976747
H10085,0.16488604176521066
H10204,0.10940978535732993
H10265,0.20244120522785009
H10413,0.1512925895612856
H10426,0.16701420653972412
H10503,0.12291184822709018
H10507,0.202065353071604
H7532,0.35488205102598935
H7654,0.08976243134805101
H11658,0.30682976181750116
H11659,0.21597639596744156
H11181,0.10085643491154567
H11210,0.14994583067087605
H1217,0.11951823170896683
H11804,0.35716882804305367
H10193,0.1043681133709696
H10194,0.09432925271792492
H10280,0.25036151736753415
H10281,0.25726204178575984
H10474,0.42786588213012566
H10658,0.12773992816451957
H10894,0.5429173420321868
H10895,0.5145413114662075
H11082,0.17449028225472846
H11083,0.16207108042652132
H11327,0.2266113476000332
H11452,0.35471285874952035
H11584,0.1749593951148465
H11590,0.12331848119913814
H11873,0.11905861657365828
H12368,0.11458077659417606
H7531,0.2266113476000332
H7982,0.26803459407299524
H7988,0.15895777510204176
H7991,0.22624105774123365
H7992,0.21678136088502065
H11626,0.13335803612777827
H7921,0.15894236928315592
H12126,0.3232065872282839
H12127,0.3386081415062637
H7497,0.19489783565984584
H12124,0.19052929678107125
H12125,0.20370610537854048
H7964,0.08862892517787876
H11523,0.10810125941600945
H9792,0.18270837084731978
H10662,0.14700298450260366
H10663,0.14560518021101557
H10036,0.22339539823466675
H10122,0.1398008383688152
H10358,0.36139229799643463
H10377,0.37025984722685623
H10620,0.11137558502088668
H10677,0.21772796753841886
H12237,0.37621883362851316
H7649,0.27128034355043196
H7651,0.39545708589966927
H7663,0.09481653927545465
H9772,0.21535409159081834
H9773,0.2168485245722729
H10115,0.3258603808643517
H10392,0.21115538225823294
H10393,0.20113620007415972
H10463,0.21207924248112456
H11063,0.19836486157095815
H11809,0.20388683344740882
H12056,0.13442131704214438
H12057,0.13305932565144352
H8383,0.10796140730289533
H7839,0.08692946321484735
H10697,0.16520034724565028
H10698,0.16015599090655486
H10970,0.09779657545977247
H11003,0.4572302824462293
H11433,0.19526907397151685
H7812,0.5260701825633863
H8385,0.10521520956568925
H7886,0.09218455290761325
H7887,0.08682911221072026
H7888,0.09137629634038505
H9829,0.1642293800283263
H9859,0.17651952924446293
H10827,0.12908895143989868
H10355,0.2129161507552499
H9643,0.22342156719489784
H9644,0.22573214111197196
H10177,0.3331559908387908
H11417,0.09907883667679257
H11419,0.09643948956700563
H12047,0.5295980754934162
H9712,0.35333752374863436
H11478,0.1046711038251741
H7644,0.13223879698488614
H7980,0.1486862349083608
H11095,0.18121999144689424
H11096,0.17101971871412633
H11097,0.18217286640165348
H12112,0.3604455917167861
H8281,0.11503252707865158
H8282,0.1006785894734502
H10212,0.1844874755301202
H10286,0.18754377807589134
H10302,0.4217054631048233
H10356,0.46271173691465317
H10357,0.39716718612381596
H7883,0.13353750041854595
H8169,0.14858400192889468
H7908,0.4768409740617072
H7909,0.4462556881477407
H10157,0.26702710728654144
H11165,0.10121589387876967
H11166,0.08368786420661031
H11709,0.144938427863119
H11710,0.13287193489258176
H11776,0.17555936060764762
H7590,0.12978648522438077
H7864,0.11692953007024494
H9865,0.19998853551565327
H9866,0.22625295894751898
H10369,0.16036377163106413
H7983,0.10513628828700712
H7984,0.13836615293881294
H7985,0.08166343679242194
H7986,0.08061620697831814
H7990,0.3769485091152132
H7993,0.08945476051589497
H7994,0.30513984810703815
H10065,0.15152105878494482
H10066,0.12903246087777942
H11127,0.13319416148352817
H7543,0.4933929463047706
H7981,0.38432326831268826
H9849,0.31673414416485685
H12581,0.10369163432710665
H10116,0.2107241070745431
H10290,0.21142492838656918
H10295,0.5164816218700388
H10723,0.10473891815800566
H10949,0.2851659602353767
H11228,0.09599119702322852
H11249,0.15922871010293843
H11267,0.12251510719245923
H11468,0.22967560613982535
H11903,0.1935260594813466
H11950,0.22173257333123253
H123,0.22462072709491396
H124,0.20884282893790146
H12415,0.29946022410912776
H12430,0.21977681811023878
H1246,0.2251096786163137
H125,0.1138436844498586
H7711,0.13122001560992935
H7712,0.12497993241488685
H7814,0.18779943177617617
H7815,0.18374887564609144
H7868,0.17456485094687843
H7946,0.1912848971337117
H7947,0.19913486519842455
H7948,0.1729244537476287
H7950,0.20596368048956704
H7951,0.21251698840725966
H7952,0.2029229069450102
H7953,0.13911861205230325
H7955,0.10989848295063671
H7958,0.10679690758327319
H7961,0.2536401273067263
H7963,0.20489653384796924
H8384,0.13884534407568513
H9702,0.21466797667054827
H9848,0.1838806344149131
H10360,0.11457402974311306
H10771,0.1935208724416741
H11110,0.11370115235927486
H11684,0.20336440095718414
H12106,0.4368685625517923
H7677,0.17848985261673056
H7678,0.18361964330282132
H10352,0.16196859586479934
H10353,0.15916254087143294
H11072,0.1425386685277059
H9725,0.10745788522029374
H10935,0.3214321994048336
H9049,0.09311461502008986
H11115,0.10784176142462287
H9907,0.20333344174709664
H12490,0.12843653498226767
H12599,0.23330585718814711
H10647,0.11672074176162345
H10182,0.13550553568474677
H10186,0.09308580843800622
H10187,0.08862477561286225
H10210,0.17741637859135537
H10420,0.17856779367394884
H9757,0.17892249624419382
H9758,0.18125430288376357
H10062,0.19190378062056332
H9752,0.18291614250828164
H9776,0.1939283837291589
H9793,0.5283699041630249
H9794,0.5103030505059233
H119,0.1370100602867438
H862,0.1644354649711059
H11235,0.33557741578276346
H10737,0.22447858580757538
H10900,0.22632549979744918
H11248,0.23070871861941314
H1159,0.5140087569008105
H1160,0.39555801183960787
H1166,0.1008948247883875
H1167,0.24135961746532528
H1171,0.17857130586937037
H1174,0.09735827226947824
H1175,0.18920884539468807
H1177,0.24841343539137234
H1180,0.11070299618385682
H1181,0.09915721799466116
H1182,0.11133806772095307
H1184,0.11455438858857123
H1187,0.1916173628912005
H1188,0.13124133244555272
H11887,0.2501114498896143
H1189,0.18339358866337205
H1190,0.16697209337210264
H1193,0.19634929120885258
H1194,0.11133806772095307
H1195,0.11133806772095307
H1196,0.1733787991474568
H11965,0.22134955942600057
H1197,0.5195175528496703
H1198,0.41080923471604514
H1203,0.09975715493587721
H1205,0.38892426784020456
H1206,0.4035261086257293
H1207,0.25191247930017985
H1208,0.25191247930017985
H1209,0.10020477243207304
H1210,0.10234204282877599
H765,0.24434812397794706
H803,0.23530259305596815
H835,0.11092497144784733
H837,0.2502869561777845
H838,0.22425668919838532
H839,0.17368881738765957
H840,0.168761697715543
H861,0.11092497144784733
H875,0.31357910101589936
H900,0.16044460962721288
H907,0.10287631294500646
H929,0.12535737108886633
H922,0.1472106258068252
H10777,0.15186371976359378
H11076,0.13614604272687472
H11077,0.13841569454557456
H11833,0.14848051581035504
H11834,0.10142619423825606
H12017,0.18639168432591735
H1233,0.15119894803159276
H1235,0.15728681018306426
H1236,0.1638091602628899
H914,0.17178080803430518
H9178,0.12718903783629562
H939,0.20054767133036402
H940,0.19196063204600208
H1247,0.10038178315968606
H7789,0.1481735365393263
H7790,0.12706773480049402
H10993,0.1296895889213699
H10077,0.19932529031591092
H10173,0.14912532078699428
H11999,0.15023223119044793
H11632,0.1505578680241589
H9828,0.15211939141389316
H9820,0.175602440924678
H10031,0.24443029236726582
H10032,0.2329591559002798
H10053,0.20817099230881178
H10156,0.2116369057628256
H10162,0.14877270199184847
H10253,0.20449285417210447
H10254,0.17597331843303557
H10266,0.232209333491123
H10348,0.22835605226086791
H10349,0.2502643721668923
H10350,0.1975029415715443
H10384,0.24734818717683588
H10389,0.1583302935454751
H10419,0.4396313180147267
H10532,0.26339064858502437
H10586,0.5071618201377288
H10633,0.42382220042141744
H10651,0.3994460466626299
H10754,0.22780656621708723
H10804,0.16220254413437124
H12008,0.2220016697324139
H12043,0.3917210321305435
H1215,0.17123513169700114
H805,0.21531196901230248
H834,0.14999216297456766
H9578,0.21775325642023782
H9703,0.18812496865638104
H9726,0.13273439174703483
H9831,0.24746893081419977
H9915,0.2521517769445044
H10148,0.38479967355066125
H10274,0.17128097383627489
H10423,0.20985658408016516
H10366,0.5107415770448445
H10678,0.09990996200619615
H9962,0.35111758918390457
H9346,0.19173409723948026
H9347,0.12827405875800219
H10758,0.1508107393382742
H11106,0.09122773010474407
H11277,0.15642960381299678
H9345,0.08925636186112874
H7781,0.10121964959411597
H7782,0.09416807043578146
H7783,0.09661856048370569
H8673,0.10985042482176077
H8674,0.10754012226159582
H9403,0.11802919849754354
H10783,0.10591724127178036
H10784,0.10705106044668655
H9067,0.1085743707858981
H9066,0.11811457169447091
H9013,0.1537670742721861
H9014,0.15906910336165783
H11674,0.20109220809034137
H10705,0.17658886624681017
H10803,0.23381671700408369
H11191,0.24459128844568412
H11922,0.2659093142752912
H7551,0.17825613292650386
H7721,0.13320397241864285
H9009,0.10564724678070889
H11897,0.17923699701169107
H9285,0.2308033740818217
H11365,0.279881291270682
H7936,0.14955060619889426
H7740,0.11534650928630347
H11091,0.16778113484648702
H10825,0.09192656997293494
H10826,0.08601172603762129
H7586,0.1720866316670223
H8651,0.11811457169447091
H7585,0.1878430105684194
H7667,0.27424415824194975
H7799,0.17521259005300688
H7800,0.17521259005300688
H10788,0.300021578021084
H9371,0.26539775523139175
H9372,0.1873673762639546
H8987,0.1249342461384889
H8988,0.10902394408465528
H11054,0.18592330329020776
H11868,0.21764092755834274
H10855,0.19379365263912196
H10902,0.1613080337361311
H11592,0.11016105669417052
H7696,0.286058020257505
H9162,0.25103736387176456
H11870,0.43317504228771997
H12413,0.5187700290325208
H7582,0.22483176885984707
H1257,0.16368926423632263
H11007,0.15501947581508901
H12190,0.14396634697179586
H9003,0.3040138583358761
H11640,0.44676241439857706
H11896,0.19647280649570908
H7892,0.09144018968729847
H9427,0.26799127790695676
H10876,0.1859775939385005
H10915,0.18847063274984546
H10973,0.10216487640372555
H7726,0.13166642193068673
H7727,0.13934404076065893
H10640,0.3348180388213666
H11200,0.3309309387384975
H7768,0.20258055146455528
H9293,0.14851588289524828
H9294,0.1571225620323292
H9297,0.21753952222085093
H9369,0.11743264640707128
H9370,0.1328444883323766
H11876,0.24623692946472675
H9401,0.1321373419979707
H10711,0.28478013289584414
H11917,0.23560973938121918
H7999,0.09661084752021191
H7583,0.3222646816937431
H7584,0.31835924777235164
H12209,0.2363964976620188
H10228,0.1573776774822698
H10229,0.1463998347691981
H11510,0.08828778003901876
H9426,0.2303989158616912
H10688,0.4720935608198308
H11661,0.08182257999505746
H8008,0.4424725906034512
H8009,0.16157162372657977
H8005,0.08758811099376083
H11669,0.14040556942996044
H11693,0.09005781356954996
H11817,0.4532463181352877
H12343,0.20781502268330196
H9300,0.22856117192494418
H9323,0.15727057177063755
H9373,0.14826847529952575
H9391,0.24706090836207037
H9364,0.11968973394338142
H9366,0.1198870900625139
H9367,0.12858910904796464
H11440,0.18161185859031978
H7575,0.09217729853374738
H9338,0.1713098913499162
H11311,0.13220920742123615
H11726,0.11630737847570055
H11904,0.1727847239461567
H11905,0.17495798464080775
H12118,0.18715720042223835
H9302,0.11727186592444928
H9317,0.16295857219235724
H9466,0.16047322020299606
H9313,0.12568100938883098
H8666,0.17808035283200588
H1117,0.15500344067354466
H11866,0.1185703222586726
H9305,0.12477827851780932
H8006,0.17709176208962013
H799,0.16984597685049332
H9017,0.12904558668910585
H10799,0.16234437363780868
H9362,0.12204410550975625
H10191,0.11811457169447091
H9555,0.16773207429067202
H12121,0.1422735780248318
H12122,0.10792720327497521
H10763,0.10999191280187615
H11218,0.17488691833874206
H11715,0.40125234373057533
H9381,0.09805210011297204
H12486,0.10562994206983577
H10769,0.09994703556153887
H10770,0.12602684752463336
H11765,0.12147891165522684
H11766,0.1287775134326779
H9332,0.4413863001777615
H11273,0.1301407853386833
H12544,0.10857165225963698
H11345,0.4032927879932029
H10835,0.23307532967512157
H9334,0.2735331221791747
H7676,0.26226820384438976
H806,0.1694336194641797
H807,0.1791944500826257
H9024,0.2478321500528313
H9327,0.16022758865600295
H9328,0.2470264491463981
H9330,0.24395714359387066
H9331,0.1910508378556074
H9335,0.1772707830360574
H11888,0.20467825117359068
H7728,0.12334145016856561
H12339,0.28418149517365204
H12553,0.15397421228658145
H9392,0.10463224047837323
H10946,0.11366844073748043
H9311,0.14956148411790218
H9312,0.1806744589768262
H8138,0.17233183594365548
H9266,0.16226332502388668
H9267,0.16226332502388668
H12191,0.18592330329020776
H9262,0.14225018445917045
H9348,0.15385517306415294
H9349,0.1696426686882476
H9397,0.09936219956992193
H8003,0.1529632239811202
H1114,0.13070299456167148
H11979,0.24805387267591286
H9264,0.15087181836558738
H9453,0.12309747089018833
H9459,0.1159671073759195
H11356,0.11409627981370692
H11093,0.16939396378276206
H7579,0.08642720596984454
H8990,0.13138580268725086
H11437,0.15854124157326152
H11614,0.11270439366167662
H8652,0.1434564557882522
H10095,0.2830893263600765
H10102,0.3121220655798266
H10259,0.44926392081967287
H10309,0.3233741653093368
H10455,0.2694548527624216
H10525,0.22582654005996558
H10526,0.22427187264268444
H10527,0.22054016974327825
H10528,0.22054016974327825
H10529,0.22427187264268444
H10878,0.25058544236445707
H10879,0.2698381553252017
H10880,0.2698381553252017
H11098,0.6276520204899041
H11168,0.5518326139412867
H11430,0.40116768835599503
H11577,0.2822379288391829
H11994,0.4628912231537533
H12004,0.5777083467351476
H12132,0.15884725931261104
H12484,0.4298321667491699
H12499,0.39661085808461255
H7618,0.2355483544181892
H7634,0.26417785625925105
H7635,0.29810858077964736
H7636,0.3089015401130304
H8354,0.2963646910858655
H8355,0.3034019432618955
H8356,0.29978004199467834
H8357,0.29978004199467834
H8358,0.2528479377486764
H8359,0.28626318280630764
H8360,0.27117811071637793
H8361,0.211272183997794
H8362,0.24493977061670577
H8363,0.5777083467351476
H8364,0.27704737203363916
H8369,0.6016336515785755
H8370,0.5238092404324405
H8373,0.27364499592370795
H8375,0.24716695292826313
H8377,0.16409974821919557
H8379,0.1645940997124555
H8380,0.48279325531608164
H8381,0.20659880879178952
H9768,0.5676908565850564
H10676,0.18773715063392132
H9903,0.18757326410123884
H9904,0.1972315107704117
H9908,0.22847477300019003
H9909,0.22020755384178012
H8371,0.11547298205479291
H9833,0.16514013211959305
H10026,0.19245646102445566
H11307,0.5402051453372172
H11450,0.2050172574323509
H12080,0.48086082690355286
H12129,0.5865965873378773
H8171,0.389495812639737
H8172,0.37472666751777944
H8174,0.5696792654967335
H8177,0.11744857652617108
H8178,0.347941379017612
H8179,0.30379501357423927
H8180,0.5491860654557701
H8181,0.4941091456721087
H8182,0.376907464388248
H8183,0.571146524512932
H8184,0.5696792654967335
H8185,0.19631485893266024
H8186,0.571146524512932
H8187,0.4940855945320279
H8191,0.28869832896395475
H8192,0.32136767213806894
H8193,0.3153840105056196
H8194,0.31314832131384346
H8195,0.25154371430499717
H8199,0.5690351213615177
H8200,0.39596556851219006
H8202,0.24795753282930388
H8203,0.2725146067173383
H8204,0.3145499918149089
H8205,0.3129831336501334
H8206,0.2835902198397653
H8208,0.2844717842970665
H8210,0.5506680859694891
H8211,0.30731380876222886
H8213,0.307159757093647
H8215,0.2725146067173383
H8216,0.2725146067173383
H8217,0.30938629143948615
H8218,0.1570357850365886
H8219,0.23398689402507505
H8221,0.1614094439939001
H8222,0.33718057110481
H8223,0.5387175231420662
H8224,0.5132800381050786
H8225,0.5128143203965846
H8228,0.2821797518449302
H8229,0.29178222747946103
H8230,0.258423229496655
H8232,0.5402051453372172
H8233,0.3156583233863133
H8234,0.3156583233863133
H8235,0.2682454468152763
H8238,0.36655866608447885
H8239,0.33643078596801435
H8240,0.3141606093161196
H8241,0.3408902055676
H8246,0.4777253632755914
H8248,0.389495812639737
H8249,0.3983176478088313
H8250,0.571146524512932
H8253,0.3552273231607176
H8255,0.3202800206115588
H8256,0.32024258791129284
H8260,0.2885650473542809
H8261,0.2885650473542809
H8262,0.3120141911789139
H8264,0.2608456286149792
H8268,0.26074562603135676
H8269,0.3021861601888679
H8270,0.10054258143202889
H8271,0.0971635038491655
H8272,0.09274211319254506
H8273,0.3068194134202247
H8283,0.30891358147053855
H8196,0.12291894726107323
H8226,0.2677851614854977
H8236,0.2363936492747109
H8237,0.25272552769692336
H8266,0.2462639034145186
H8278,0.32834112315748654
H8280,0.4221087295388111
H8214,0.26619078593891776
H8263,0.2773747389516263
H11121,0.2017783155000168
H8243,0.18183781171160648
H8244,0.25871202322084424
H8245,0.17664977230106746
H10502,0.19825502317969282
H10716,0.17455208737469324
H10718,0.1587237405842082
H11182,0.2157355379698346
H11333,0.12405406953353686
H11416,0.17091691473208603
H11568,0.18221086000542455
H11582,0.25777288360673783
H11583,0.25744428737862224
H11720,0.17091691473208603
H11721,0.15691988300364235
H12408,0.2036399208402839
H9021,0.17297148560102918
